<?xml version="1.0" encoding="UTF-8" ?>
<!DOCTYPE mapper PUBLIC "-//mybatis.org//DTD Mapper 3.0//EN" "http://mybatis.org/dtd/mybatis-3-mapper.dtd" >
<mapper namespace="com.eleadmin.common.system.mapper.CommentMapper">

    <!-- 关联查询sql -->
    <sql id="selectSql">
        SELECT a.*,b.nickname as cname,b.avatar as avatar,c.nickname as vname,c.avatar as cavatar
        FROM comment a
        LEFT JOIN sys_user b ON a.user_id = b.user_id
        LEFT JOIN sys_user c ON a.reply_user = c.username
        <where>
            1=1
            <if test="param.hospitalTitle != null">
                AND a.hospital_title LIKE CONCAT('%', #{param.hospitalTitle}, '%')
            </if>
            <if test="param.hospitalId != null">
                AND a.hospital_id = #{param.hospitalId}
            </if>
            <if test="param.userId != null">
                AND a.user_id = #{param.userId}
            </if>
            <if test="param.cname != null">
                AND b.nickname = #{param.cname}
            </if>
        </where>
    </sql>

    <!-- 分页查询 -->
    <select id="selectPageRel" resultType="com.eleadmin.common.system.entity.Comment">
        <include refid="selectSql"></include>
    </select>

    <!-- 查询全部 -->
    <select id="selectListRel" resultType="com.eleadmin.common.system.entity.Comment">
        <include refid="selectSql"></include>
    </select>

</mapper>
