<?xml version="1.0" encoding="UTF-8" ?>
<!DOCTYPE mapper PUBLIC "-//mybatis.org//DTD Mapper 3.0//EN" "http://mybatis.org/dtd/mybatis-3-mapper.dtd" >
<mapper namespace="com.eleadmin.common.system.mapper.UserMapper">

    <!-- 用户角色查询sql -->
    <sql id="selectUserRoleSql">
        SELECT a.user_id,
               GROUP_CONCAT(b.role_name) role_name
        FROM sys_user_role a
                 LEFT JOIN sys_role b ON a.role_id = b.role_id
        GROUP BY a.user_id
    </sql>

    <!-- 关联查询sql -->
    <sql id="selectSql">
        SELECT a.*
        FROM sys_user a
        LEFT JOIN(
        <include refid="selectUserRoleSql"/>
        ) d ON a.user_id = d.user_id
        <where>
            <if test="param.userId != null">
                AND a.user_id = #{param.userId}
            </if>
            <if test="param.username != null">
                AND a.username LIKE CONCAT('%', #{param.username}, '%')
            </if>
            <if test="param.nickname != null">
                AND a.nickname LIKE CONCAT('%', #{param.nickname}, '%')
            </if>
            <if test="param.phone != null">
                AND a.phone LIKE CONCAT('%', #{param.phone}, '%')
            </if>
            <if test="param.email != null">
                AND a.email LIKE CONCAT('%', #{param.email}, '%')
            </if>
            <if test="param.birthday != null">
                AND a.birthday LIKE CONCAT('%', #{param.birthday}, '%')
            </if>
            <if test="param.type != null">
                AND a.type = #{param.type}
            </if>
            <if test="param.status != null">
                AND a.status = #{param.status}
            </if>
            <if test="param.createTimeStart != null">
                AND a.create_time &gt;= #{param.createTimeStart}
            </if>
            <if test="param.createTimeEnd != null">
                AND a.create_time &lt;= #{param.createTimeEnd}
            </if>
            <if test="param.deleted != null">
                AND a.deleted = #{param.deleted}
            </if>
            <if test="param.deleted == null">
                AND a.deleted = 0
            </if>
            <if test="param.roleId != null">
                AND a.user_id IN (SELECT user_id FROM sys_user_role WHERE role_id=#{param.roleId})
            </if>
            <if test="param.keywords != null">
                AND (
                a.username LIKE CONCAT('%', #{param.keywords}, '%')
                OR a.nickname LIKE CONCAT('%', #{param.keywords}, '%')
                OR c.dict_data_name LIKE CONCAT('%', #{param.keywords}, '%')
                OR d.role_name LIKE CONCAT('%', #{param.keywords}, '%')
                )
            </if>
        </where>
    </sql>

    <!-- 分页查询 -->
    <select id="selectPageRel" resultType="com.eleadmin.common.system.entity.User">
        <include refid="selectSql"></include>
    </select>

    <!-- 查询全部 -->
    <select id="selectListRel" resultType="com.eleadmin.common.system.entity.User">
        <include refid="selectSql"></include>
    </select>

    <!-- 根据账号查询 -->
    <select id="selectByUsername" resultType="com.eleadmin.common.system.entity.User">
        SELECT a.*
        FROM sys_user a
        <where>
            AND a.deleted = 0
            AND a.username = #{username}
        </where>
    </select>

    <select id="selectByUsernameType" resultType="com.eleadmin.common.system.entity.User">
        SELECT a.*
        FROM sys_user a
        <where>
            AND a.deleted = 0
            AND a.username = #{username}
            AND a.type = #{type}
        </where>
    </select>

</mapper>
